"file","lines"
".dcignore","1431"
".editorconfig","7"
".env","9"
".env.example","10"
".gitattributes","4"
".github\dependabot.yml","48"
".github\workflows\ci.yml","135"
".gitignore","105"
".nvmrc","1"
".postcsssortrc.json","265"
".prettierignore","14"
".snyk","20"
".stylelintrc.json","112"
".vscode\settings.json","15"
".yarnrc.yml","6"
"AGENTS.md","122"
"android.keystore","36"
"androidTWA\app-release-bundle.aab","15723"
"androidTWA\app-release-signed.apk","14969"
"androidTWA\app-release-signed.apk.idsig","152"
"androidTWA\app-release-unsigned-aligned.apk","14645"
"build.bat","20"
"bump.txt","16"
"changelog.txt","13"
"check.bat","40"
"config\app.config.js","189"
"config\validate-env.cjs","135"
"dev.bat","10"
"docs\disaster-recovery-runbook.md","444"
"docs\documentation-validation.md","109"
"docs\financialplanning.png","536"
"docs\marketing\1. launch-announcement.md","113"
"docs\marketing\2. competitor-analysis.md","154"
"docs\marketing\3. user-feedback-system.md","184"
"docs\marketing\4. onboarding-improvements.md","256"
"docs\marketing\5. press-kit.md","116"
"docs\marketing\comprehensive-seo-master-plan.md","402"
"docs\marketing\github-seo-strategy.md","490"
"docs\marketing\indie-hackers-seo-strategy.md","619"
"docs\marketing\medium-seo-strategy.md","480"
"docs\marketing\multi-platform-seo-strategy.md","118"
"docs\marketing\product-hunt-seo-strategy.md","353"
"docs\marketing\quora-seo-strategy.md","337"
"docs\marketing\reddit-backlink-strategy.md","190"
"docs\marketing\reddit-content-calendar.md","383"
"docs\marketing\reddit-subreddit-acquisition-plan.md","276"
"docs\prd.md","93"
"docs\research.md","76"
"docs\security-setup-guide.md","182"
"docs\security-testing-checklist.md","253"
"eslint.config.js","230"
"firestore.rules","65"
"gitlog.bat","11"
"index.html","63"
"install.bat","15"
"javabuild\.gradle\8.11.1\checksums\checksums.lock","1"
"javabuild\.gradle\8.11.1\checksums\md5-checksums.bin","100"
"javabuild\.gradle\8.11.1\checksums\sha1-checksums.bin","213"
"javabuild\.gradle\8.11.1\executionHistory\executionHistory.bin","820"
"javabuild\.gradle\8.11.1\executionHistory\executionHistory.lock","2"
"javabuild\.gradle\8.11.1\fileChanges\last-build.bin","1"
"javabuild\.gradle\8.11.1\fileHashes\fileHashes.bin","153"
"javabuild\.gradle\8.11.1\fileHashes\fileHashes.lock","1"
"javabuild\.gradle\8.11.1\fileHashes\resourceHashesCache.bin","6"
"javabuild\.gradle\8.11.1\gc.properties","0"
"javabuild\.gradle\buildOutputCleanup\buildOutputCleanup.lock","1"
"javabuild\.gradle\buildOutputCleanup\cache.properties","2"
"javabuild\.gradle\buildOutputCleanup\outputFiles.bin","25"
"javabuild\.gradle\file-system.probe","1"
"javabuild\.gradle\vcs-1\gc.properties","0"
"javabuild\build.gradle","36"
"javabuild\build.gradle.root","36"
"javabuild\build\generated\res\resValues\release\values\gradleResValues.xml","48"
"javabuild\build\intermediates\aapt_proguard_file\release\processReleaseResources\aapt_rules.txt","32"
"javabuild\build\intermediates\annotation_processor_list\release\javaPreCompileRelease\annotationProcessors.json","1"
"javabuild\build\intermediates\apk_ide_redirect_file\release\createReleaseApkListingFileRedirect\redirect.txt","2"
"javabuild\build\intermediates\app_metadata\release\writeReleaseAppMetadata\app-metadata.properties","2"
"javabuild\build\intermediates\binary_art_profile_metadata\release\compileReleaseArtProfile\baseline.profm","3"
"javabuild\build\intermediates\binary_art_profile\release\compileReleaseArtProfile\baseline.prof","3"
"javabuild\build\intermediates\bundle_dependency_report\release\configureReleaseDependencies\dependencies.pb","270"
"javabuild\build\intermediates\bundle_ide_model\release\produceReleaseBundleIdeListingFile\output-metadata.json","18"
"javabuild\build\intermediates\bundle_ide_redirect_file\release\createReleaseBundleListingFileRedirect\redirect.txt","2"
"javabuild\build\intermediates\bundle_manifest\release\processApplicationManifestReleaseForBundle\AndroidManifest.xml","192"
"javabuild\build\intermediates\combined_art_profile\release\compileReleaseArtProfile\baseline-prof.txt","484"
"javabuild\build\intermediates\compatible_screen_manifest\release\createReleaseCompatibleScreenManifests\output-metadata.json","10"
"javabuild\build\intermediates\compile_and_runtime_not_namespaced_r_class_jar\release\processReleaseResources\R.jar","1297"
"javabuild\build\intermediates\default_proguard_files\global\proguard-android-optimize.txt-8.9.1","72"
"javabuild\build\intermediates\default_proguard_files\global\proguard-android.txt-8.9.1","78"
"javabuild\build\intermediates\default_proguard_files\global\proguard-defaults.txt-8.9.1","72"
"javabuild\build\intermediates\dex_metadata_directory\release\compileReleaseArtProfile\0\.dm","14"
"javabuild\build\intermediates\dex_metadata_directory\release\compileReleaseArtProfile\1\.dm","11"
"javabuild\build\intermediates\dex_metadata_directory\release\compileReleaseArtProfile\dex-metadata-map.properties","5"
"javabuild\build\intermediates\dex\release\minifyReleaseWithR8\classes.dex","14791"
"javabuild\build\intermediates\incremental\mergeReleaseAssets\merger.xml","2"
"javabuild\build\intermediates\incremental\mergeReleaseJniLibFolders\merger.xml","2"
"javabuild\build\intermediates\incremental\mergeReleaseShaders\merger.xml","2"
"javabuild\build\intermediates\incremental\packageRelease\tmp\release\dex-renamer-state.txt","4"
"javabuild\build\intermediates\incremental\packageRelease\tmp\release\zip-cache\androidResources","330"
"javabuild\build\intermediates\incremental\packageRelease\tmp\release\zip-cache\javaResources0","8"
"javabuild\build\intermediates\incremental\release-mergeJavaRes\merge-state","6"
"javabuild\build\intermediates\incremental\release-mergeJavaRes\zip-cache\+qKCe1jYBOPjtPK68KsZUAYkMns=","285"
"javabuild\build\intermediates\incremental\release-mergeJavaRes\zip-cache\1_wAte0CbwP9X8Fmy2S0ap_8YXQ=","1280"
"javabuild\build\intermediates\incremental\release-mergeJavaRes\zip-cache\1lwAZ8B6WLnrslSskZ4epQnVx3s=","249"
"javabuild\build\intermediates\incremental\release-mergeJavaRes\zip-cache\2Ad0gBOJc2O1U4wNhG0Di+FXdoc=","249"
"javabuild\build\intermediates\incremental\release-mergeJavaRes\zip-cache\2cU6OHKjBzb5rDUq4VZUS+yDRfI=","5783"
"javabuild\build\intermediates\incremental\release-mergeJavaRes\zip-cache\4fOHZYoHJHi3r4uVUQPWtwzBlus=","65"
"javabuild\build\intermediates\incremental\release-mergeJavaRes\zip-cache\61FJAzOVodNJ_wRuHd7ojT7wwQ4=","94"
"javabuild\build\intermediates\incremental\release-mergeJavaRes\zip-cache\66FZW2WojSqupFasamh3OTqagu8=","131"
"javabuild\build\intermediates\incremental\release-mergeJavaRes\zip-cache\6uc6UVyr1doh3mjtPrGS5e19JRM=","13"
"javabuild\build\intermediates\incremental\release-mergeJavaRes\zip-cache\8O70jGDhjxGuPJp_WhbPGifuQ_c=","5793"
"javabuild\build\intermediates\incremental\release-mergeJavaRes\zip-cache\8sjmAOtildK9Lo6P92O1sO8v1HU=","1730"
"javabuild\build\intermediates\incremental\release-mergeJavaRes\zip-cache\aX5HTcXRu4sxS8KqsaekCI8vivg=","45"
"javabuild\build\intermediates\incremental\release-mergeJavaRes\zip-cache\BocrozJpdxHMY9jG9Inwf1vCfKQ=","331"
"javabuild\build\intermediates\incremental\release-mergeJavaRes\zip-cache\BtaAct56d4pUn_rxufOguZtkGso=","135"
"javabuild\build\intermediates\incremental\release-mergeJavaRes\zip-cache\cLi4ifFtiM+hT9sC2WiI_UhjQ5s=","34"
"javabuild\build\intermediates\incremental\release-mergeJavaRes\zip-cache\dra6DEjFpq6qnJevu+cb9w4+EEQ=","296"
"javabuild\build\intermediates\incremental\release-mergeJavaRes\zip-cache\DVXwR6gTXfJA8ZRFSxPv4Nv3gqE=","98"
"javabuild\build\intermediates\incremental\release-mergeJavaRes\zip-cache\EHVM1ja3seMbM0h6wWRhvCiOoTE=","257"
"javabuild\build\intermediates\incremental\release-mergeJavaRes\zip-cache\Fv0H7wBstbBKKe6UrGPTEgN0YCQ=","265"
"javabuild\build\intermediates\incremental\release-mergeJavaRes\zip-cache\Gbl2noyymABESauiDdoMsxFqcBQ=","501"
"javabuild\build\intermediates\incremental\release-mergeJavaRes\zip-cache\HD3qhgdP8uJU5Vyvy8JY4++iksY=","429"
"javabuild\build\intermediates\incremental\release-mergeJavaRes\zip-cache\HzJoFjOqlAasSs+GQ04yXhNL+IA=","20449"
"javabuild\build\intermediates\incremental\release-mergeJavaRes\zip-cache\Ik2B_GW9ODoojW6+1SizTsTd9aU=","241"
"javabuild\build\intermediates\incremental\release-mergeJavaRes\zip-cache\iLYarZlwjlHCBolaOJXLHsMCbME=","25"
"javabuild\build\intermediates\incremental\release-mergeJavaRes\zip-cache\IlyUIPvAEibDuKzCLAZFWK5RuL8=","255"
"javabuild\build\intermediates\incremental\release-mergeJavaRes\zip-cache\iVawDLfr3Fa7MpZMFf_R_wnLJJI=","495"
"javabuild\build\intermediates\incremental\release-mergeJavaRes\zip-cache\JcRdcym2msKoL57JXJBva0ptkyY=","133"
"javabuild\build\intermediates\incremental\release-mergeJavaRes\zip-cache\jENTsAw86s+Zcajopvw5Ey9iB0I=","2058"
"javabuild\build\intermediates\incremental\release-mergeJavaRes\zip-cache\kC+j7CBakNGH51I9MypQgGRkLTA=","33"
"javabuild\build\intermediates\incremental\release-mergeJavaRes\zip-cache\L2rau7JnMHguKWn6aar7NY+d8Ug=","28"
"javabuild\build\intermediates\incremental\release-mergeJavaRes\zip-cache\mCnNd0HAW70sUN7bBG8Lnup1ot4=","330"
"javabuild\build\intermediates\incremental\release-mergeJavaRes\zip-cache\NdF20Fn8CuMj28Cx0GDKAovPSGQ=","115"
"javabuild\build\intermediates\incremental\release-mergeJavaRes\zip-cache\nR0is5hLHizOZPzlmqh2UXnlAT8=","76"
"javabuild\build\intermediates\incremental\release-mergeJavaRes\zip-cache\Nx_8QMfG13clAGlRCbIgo4P2CL0=","13553"
"javabuild\build\intermediates\incremental\release-mergeJavaRes\zip-cache\pK9t6sjDRHtantCemv_HKfTWjxY=","1508"
"javabuild\build\intermediates\incremental\release-mergeJavaRes\zip-cache\sxkwtaK3VJMt6vjsphOIrF0Sh0Y=","178"
"javabuild\build\intermediates\incremental\release-mergeJavaRes\zip-cache\tRUI9ewH6aydSjFH2Pog8WDNftY=","426"
"javabuild\build\intermediates\incremental\release-mergeJavaRes\zip-cache\tz2DFe8hAGSS1tF36RQYYRzuK2c=","165"
"javabuild\build\intermediates\incremental\release-mergeJavaRes\zip-cache\u_Ws9jh2zholZ5GYkdj+XhVdDlc=","38"
"javabuild\build\intermediates\incremental\release-mergeJavaRes\zip-cache\ualqD6GkS5hNQRyrAXCc3WexnZU=","2024"
"javabuild\build\intermediates\incremental\release-mergeJavaRes\zip-cache\vhSlYFodE2tpcAmesIzmS14aVGs=","18"
"javabuild\build\intermediates\incremental\release-mergeJavaRes\zip-cache\WDyFeKGK5gAwJ8zlfqlrL_1ekbs=","97"
"javabuild\build\intermediates\incremental\release-mergeJavaRes\zip-cache\wJSDxq+zDgIjQGrtUOjgyZnoAVI=","8783"
"javabuild\build\intermediates\incremental\release-mergeJavaRes\zip-cache\WQt+tZvP2fo4bjctLkVxNInsL4M=","11978"
"javabuild\build\intermediates\incremental\release-mergeJavaRes\zip-cache\XfVabCJWnhTY75PLKwLyqJfipNU=","55"
"javabuild\build\intermediates\incremental\release-mergeJavaRes\zip-cache\xOVr097aX7ji1+LDrSS9iVZpgTE=","237"
"javabuild\build\intermediates\incremental\release-mergeJavaRes\zip-cache\z_cpFAEdmAAPFSina0TKBCo4dVQ=","621"
"javabuild\build\intermediates\incremental\release-mergeJavaRes\zip-cache\zBuCDZ54LjwS5ygosehQoY9wcUI=","14"
"javabuild\build\intermediates\incremental\release-mergeJavaRes\zip-cache\ZmhP1T8AdCKrZEwln757lnOTqh8=","228"
"javabuild\build\intermediates\incremental\release-mergeJavaRes\zip-cache\zpZtRppFRkohMY9HqbdF8HyroD8=","124"
"javabuild\build\intermediates\incremental\release-mergeJavaRes\zip-cache\zzD2EEvIJOG16G_600STlFGYTUo=","379"
"javabuild\build\intermediates\incremental\release\mergeReleaseResources\compile-file-map.properties","31"
"javabuild\build\intermediates\incremental\release\mergeReleaseResources\merged.dir\values-af\values-af.xml","43"
"javabuild\build\intermediates\incremental\release\mergeReleaseResources\merged.dir\values-am\values-am.xml","43"
"javabuild\build\intermediates\incremental\release\mergeReleaseResources\merged.dir\values-ar\values-ar.xml","43"
"javabuild\build\intermediates\incremental\release\mergeReleaseResources\merged.dir\values-as\values-as.xml","43"
"javabuild\build\intermediates\incremental\release\mergeReleaseResources\merged.dir\values-az\values-az.xml","43"
"javabuild\build\intermediates\incremental\release\mergeReleaseResources\merged.dir\values-b+sr+Latn\values-b+sr+Latn.xml","43"
"javabuild\build\intermediates\incremental\release\mergeReleaseResources\merged.dir\values-be\values-be.xml","43"
"javabuild\build\intermediates\incremental\release\mergeReleaseResources\merged.dir\values-bg\values-bg.xml","43"
"javabuild\build\intermediates\incremental\release\mergeReleaseResources\merged.dir\values-bn\values-bn.xml","43"
"javabuild\build\intermediates\incremental\release\mergeReleaseResources\merged.dir\values-bs\values-bs.xml","43"
"javabuild\build\intermediates\incremental\release\mergeReleaseResources\merged.dir\values-ca\values-ca.xml","43"
"javabuild\build\intermediates\incremental\release\mergeReleaseResources\merged.dir\values-cs\values-cs.xml","43"
"javabuild\build\intermediates\incremental\release\mergeReleaseResources\merged.dir\values-da\values-da.xml","43"
"javabuild\build\intermediates\incremental\release\mergeReleaseResources\merged.dir\values-de\values-de.xml","43"
"javabuild\build\intermediates\incremental\release\mergeReleaseResources\merged.dir\values-el\values-el.xml","43"
"javabuild\build\intermediates\incremental\release\mergeReleaseResources\merged.dir\values-en-rAU\values-en-rAU.xml","43"
"javabuild\build\intermediates\incremental\release\mergeReleaseResources\merged.dir\values-en-rCA\values-en-rCA.xml","43"
"javabuild\build\intermediates\incremental\release\mergeReleaseResources\merged.dir\values-en-rGB\values-en-rGB.xml","43"
"javabuild\build\intermediates\incremental\release\mergeReleaseResources\merged.dir\values-en-rIN\values-en-rIN.xml","43"
"javabuild\build\intermediates\incremental\release\mergeReleaseResources\merged.dir\values-en-rXC\values-en-rXC.xml","43"
"javabuild\build\intermediates\incremental\release\mergeReleaseResources\merged.dir\values-es-rUS\values-es-rUS.xml","43"
"javabuild\build\intermediates\incremental\release\mergeReleaseResources\merged.dir\values-es\values-es.xml","43"
"javabuild\build\intermediates\incremental\release\mergeReleaseResources\merged.dir\values-et\values-et.xml","43"
"javabuild\build\intermediates\incremental\release\mergeReleaseResources\merged.dir\values-eu\values-eu.xml","43"
"javabuild\build\intermediates\incremental\release\mergeReleaseResources\merged.dir\values-fa\values-fa.xml","43"
"javabuild\build\intermediates\incremental\release\mergeReleaseResources\merged.dir\values-fi\values-fi.xml","43"
"javabuild\build\intermediates\incremental\release\mergeReleaseResources\merged.dir\values-fr-rCA\values-fr-rCA.xml","43"
"javabuild\build\intermediates\incremental\release\mergeReleaseResources\merged.dir\values-fr\values-fr.xml","43"
"javabuild\build\intermediates\incremental\release\mergeReleaseResources\merged.dir\values-gl\values-gl.xml","43"
"javabuild\build\intermediates\incremental\release\mergeReleaseResources\merged.dir\values-gu\values-gu.xml","43"
"javabuild\build\intermediates\incremental\release\mergeReleaseResources\merged.dir\values-h720dp-v13\values-h720dp-v13.xml","4"
"javabuild\build\intermediates\incremental\release\mergeReleaseResources\merged.dir\values-hdpi-v4\values-hdpi-v4.xml","8"
"javabuild\build\intermediates\incremental\release\mergeReleaseResources\merged.dir\values-hi\values-hi.xml","43"
"javabuild\build\intermediates\incremental\release\mergeReleaseResources\merged.dir\values-hr\values-hr.xml","43"
"javabuild\build\intermediates\incremental\release\mergeReleaseResources\merged.dir\values-hu\values-hu.xml","43"
"javabuild\build\intermediates\incremental\release\mergeReleaseResources\merged.dir\values-hy\values-hy.xml","43"
"javabuild\build\intermediates\incremental\release\mergeReleaseResources\merged.dir\values-in\values-in.xml","43"
"javabuild\build\intermediates\incremental\release\mergeReleaseResources\merged.dir\values-is\values-is.xml","43"
"javabuild\build\intermediates\incremental\release\mergeReleaseResources\merged.dir\values-it\values-it.xml","43"
"javabuild\build\intermediates\incremental\release\mergeReleaseResources\merged.dir\values-iw\values-iw.xml","43"
"javabuild\build\intermediates\incremental\release\mergeReleaseResources\merged.dir\values-ja\values-ja.xml","43"
"javabuild\build\intermediates\incremental\release\mergeReleaseResources\merged.dir\values-ka\values-ka.xml","43"
"javabuild\build\intermediates\incremental\release\mergeReleaseResources\merged.dir\values-kk\values-kk.xml","43"
"javabuild\build\intermediates\incremental\release\mergeReleaseResources\merged.dir\values-km\values-km.xml","43"
"javabuild\build\intermediates\incremental\release\mergeReleaseResources\merged.dir\values-kn\values-kn.xml","43"
"javabuild\build\intermediates\incremental\release\mergeReleaseResources\merged.dir\values-ko\values-ko.xml","43"
"javabuild\build\intermediates\incremental\release\mergeReleaseResources\merged.dir\values-ky\values-ky.xml","43"
"javabuild\build\intermediates\incremental\release\mergeReleaseResources\merged.dir\values-land\values-land.xml","6"
"javabuild\build\intermediates\incremental\release\mergeReleaseResources\merged.dir\values-large-v4\values-large-v4.xml","12"
"javabuild\build\intermediates\incremental\release\mergeReleaseResources\merged.dir\values-ldltr-v21\values-ldltr-v21.xml","4"
"javabuild\build\intermediates\incremental\release\mergeReleaseResources\merged.dir\values-lo\values-lo.xml","43"
"javabuild\build\intermediates\incremental\release\mergeReleaseResources\merged.dir\values-lt\values-lt.xml","43"
"javabuild\build\intermediates\incremental\release\mergeReleaseResources\merged.dir\values-lv\values-lv.xml","43"
"javabuild\build\intermediates\incremental\release\mergeReleaseResources\merged.dir\values-mk\values-mk.xml","43"
"javabuild\build\intermediates\incremental\release\mergeReleaseResources\merged.dir\values-ml\values-ml.xml","43"
"javabuild\build\intermediates\incremental\release\mergeReleaseResources\merged.dir\values-mn\values-mn.xml","43"
"javabuild\build\intermediates\incremental\release\mergeReleaseResources\merged.dir\values-mr\values-mr.xml","43"
"javabuild\build\intermediates\incremental\release\mergeReleaseResources\merged.dir\values-ms\values-ms.xml","43"
"javabuild\build\intermediates\incremental\release\mergeReleaseResources\merged.dir\values-my\values-my.xml","43"
"javabuild\build\intermediates\incremental\release\mergeReleaseResources\merged.dir\values-nb\values-nb.xml","43"
"javabuild\build\intermediates\incremental\release\mergeReleaseResources\merged.dir\values-ne\values-ne.xml","43"
"javabuild\build\intermediates\incremental\release\mergeReleaseResources\merged.dir\values-night-v8\values-night-v8.xml","11"
"javabuild\build\intermediates\incremental\release\mergeReleaseResources\merged.dir\values-nl\values-nl.xml","43"
"javabuild\build\intermediates\incremental\release\mergeReleaseResources\merged.dir\values-or\values-or.xml","43"
"javabuild\build\intermediates\incremental\release\mergeReleaseResources\merged.dir\values-pa\values-pa.xml","43"
"javabuild\build\intermediates\incremental\release\mergeReleaseResources\merged.dir\values-pl\values-pl.xml","43"
"javabuild\build\intermediates\incremental\release\mergeReleaseResources\merged.dir\values-port\values-port.xml","4"
"javabuild\build\intermediates\incremental\release\mergeReleaseResources\merged.dir\values-pt-rBR\values-pt-rBR.xml","43"
"javabuild\build\intermediates\incremental\release\mergeReleaseResources\merged.dir\values-pt-rPT\values-pt-rPT.xml","43"
"javabuild\build\intermediates\incremental\release\mergeReleaseResources\merged.dir\values-pt\values-pt.xml","43"
"javabuild\build\intermediates\incremental\release\mergeReleaseResources\merged.dir\values-ro\values-ro.xml","43"
"javabuild\build\intermediates\incremental\release\mergeReleaseResources\merged.dir\values-ru\values-ru.xml","43"
"javabuild\build\intermediates\incremental\release\mergeReleaseResources\merged.dir\values-si\values-si.xml","43"
"javabuild\build\intermediates\incremental\release\mergeReleaseResources\merged.dir\values-sk\values-sk.xml","43"
"javabuild\build\intermediates\incremental\release\mergeReleaseResources\merged.dir\values-sl\values-sl.xml","43"
"javabuild\build\intermediates\incremental\release\mergeReleaseResources\merged.dir\values-sq\values-sq.xml","43"
"javabuild\build\intermediates\incremental\release\mergeReleaseResources\merged.dir\values-sr\values-sr.xml","43"
"javabuild\build\intermediates\incremental\release\mergeReleaseResources\merged.dir\values-sv\values-sv.xml","43"
"javabuild\build\intermediates\incremental\release\mergeReleaseResources\merged.dir\values-sw\values-sw.xml","43"
"javabuild\build\intermediates\incremental\release\mergeReleaseResources\merged.dir\values-sw600dp-v13\values-sw600dp-v13.xml","11"
"javabuild\build\intermediates\incremental\release\mergeReleaseResources\merged.dir\values-ta\values-ta.xml","43"
"javabuild\build\intermediates\incremental\release\mergeReleaseResources\merged.dir\values-te\values-te.xml","43"
"javabuild\build\intermediates\incremental\release\mergeReleaseResources\merged.dir\values-th\values-th.xml","43"
"javabuild\build\intermediates\incremental\release\mergeReleaseResources\merged.dir\values-tl\values-tl.xml","43"
"javabuild\build\intermediates\incremental\release\mergeReleaseResources\merged.dir\values-tr\values-tr.xml","43"
"javabuild\build\intermediates\incremental\release\mergeReleaseResources\merged.dir\values-uk\values-uk.xml","43"
"javabuild\build\intermediates\incremental\release\mergeReleaseResources\merged.dir\values-ur\values-ur.xml","43"
"javabuild\build\intermediates\incremental\release\mergeReleaseResources\merged.dir\values-uz\values-uz.xml","43"
"javabuild\build\intermediates\incremental\release\mergeReleaseResources\merged.dir\values-v16\values-v16.xml","7"
"javabuild\build\intermediates\incremental\release\mergeReleaseResources\merged.dir\values-v17\values-v17.xml","62"
"javabuild\build\intermediates\incremental\release\mergeReleaseResources\merged.dir\values-v18\values-v18.xml","4"
"javabuild\build\intermediates\incremental\release\mergeReleaseResources\merged.dir\values-v21\values-v21.xml","265"
"javabuild\build\intermediates\incremental\release\mergeReleaseResources\merged.dir\values-v22\values-v22.xml","15"
"javabuild\build\intermediates\incremental\release\mergeReleaseResources\merged.dir\values-v23\values-v23.xml","47"
"javabuild\build\intermediates\incremental\release\mergeReleaseResources\merged.dir\values-v24\values-v24.xml","5"
"javabuild\build\intermediates\incremental\release\mergeReleaseResources\merged.dir\values-v25\values-v25.xml","9"
"javabuild\build\intermediates\incremental\release\mergeReleaseResources\merged.dir\values-v26\values-v26.xml","18"
"javabuild\build\intermediates\incremental\release\mergeReleaseResources\merged.dir\values-v28\values-v28.xml","13"
"javabuild\build\intermediates\incremental\release\mergeReleaseResources\merged.dir\values-vi\values-vi.xml","43"
"javabuild\build\intermediates\incremental\release\mergeReleaseResources\merged.dir\values-watch-v20\values-watch-v20.xml","12"
"javabuild\build\intermediates\incremental\release\mergeReleaseResources\merged.dir\values-watch-v21\values-watch-v21.xml","15"
"javabuild\build\intermediates\incremental\release\mergeReleaseResources\merged.dir\values-xlarge-v4\values-xlarge-v4.xml","9"
"javabuild\build\intermediates\incremental\release\mergeReleaseResources\merged.dir\values-zh-rCN\values-zh-rCN.xml","43"
"javabuild\build\intermediates\incremental\release\mergeReleaseResources\merged.dir\values-zh-rHK\values-zh-rHK.xml","43"
"javabuild\build\intermediates\incremental\release\mergeReleaseResources\merged.dir\values-zh-rTW\values-zh-rTW.xml","43"
"javabuild\build\intermediates\incremental\release\mergeReleaseResources\merged.dir\values-zu\values-zu.xml","43"
"javabuild\build\intermediates\incremental\release\mergeReleaseResources\merged.dir\values\values.xml","2970"
"javabuild\build\intermediates\incremental\release\mergeReleaseResources\merger.xml","3558"
"javabuild\build\intermediates\incremental\release\packageReleaseResources\compile-file-map.properties","31"
"javabuild\build\intermediates\incremental\release\packageReleaseResources\merged.dir\values\values.xml","36"
"javabuild\build\intermediates\incremental\release\packageReleaseResources\merger.xml","11"
"javabuild\build\intermediates\intermediary_bundle\release\packageReleaseBundle\intermediary-bundle.aab","71536"
"javabuild\build\intermediates\javac\release\compileReleaseJavaWithJavac\classes\app\netlify\blinkbudget\twa\Application.class","8"
"javabuild\build\intermediates\javac\release\compileReleaseJavaWithJavac\classes\app\netlify\blinkbudget\twa\DelegationService.class","8"
"javabuild\build\intermediates\javac\release\compileReleaseJavaWithJavac\classes\app\netlify\blinkbudget\twa\LauncherActivity.class","13"
"javabuild\build\intermediates\linked_resources_binary_format\release\processReleaseResources\linked-resources-binary-format-release.ap_","11728"
"javabuild\build\intermediates\linked_resources_binary_format\release\processReleaseResources\output-metadata.json","20"
"javabuild\build\intermediates\linked_resources_for_bundle_proto_format\release\bundleReleaseResources\linked-resources-for-bundle-proto-format.ap_","11422"
"javabuild\build\intermediates\local_only_symbol_list\release\parseReleaseLocalResources\R-def.txt","35"
"javabuild\build\intermediates\manifest_merge_blame_file\release\processReleaseMainManifest\manifest-merger-blame-release-report.txt","385"
"javabuild\build\intermediates\merged_art_profile\release\mergeReleaseArtProfile\baseline-prof.txt","1468"
"javabuild\build\intermediates\merged_java_res\release\mergeReleaseJavaResource\base.jar","179"
"javabuild\build\intermediates\merged_java_res\release\minifyReleaseWithR8\base.jar","109"
"javabuild\build\intermediates\merged_manifest\release\processReleaseMainManifest\AndroidManifest.xml","192"
"javabuild\build\intermediates\merged_manifests\release\processReleaseManifest\AndroidManifest.xml","192"
"javabuild\build\intermediates\merged_manifests\release\processReleaseManifest\output-metadata.json","20"
"javabuild\build\intermediates\merged_res_blame_folder\release\mergeReleaseResources\out\multi-v2\mergeReleaseResources.json","5370"
"javabuild\build\intermediates\merged_res_blame_folder\release\mergeReleaseResources\out\multi-v2\values-af.json","60"
"javabuild\build\intermediates\merged_res_blame_folder\release\mergeReleaseResources\out\multi-v2\values-am.json","60"
"javabuild\build\intermediates\merged_res_blame_folder\release\mergeReleaseResources\out\multi-v2\values-ar.json","60"
"javabuild\build\intermediates\merged_res_blame_folder\release\mergeReleaseResources\out\multi-v2\values-as.json","60"
"javabuild\build\intermediates\merged_res_blame_folder\release\mergeReleaseResources\out\multi-v2\values-az.json","60"
"javabuild\build\intermediates\merged_res_blame_folder\release\mergeReleaseResources\out\multi-v2\values-b+sr+Latn.json","60"
"javabuild\build\intermediates\merged_res_blame_folder\release\mergeReleaseResources\out\multi-v2\values-be.json","60"
"javabuild\build\intermediates\merged_res_blame_folder\release\mergeReleaseResources\out\multi-v2\values-bg.json","60"
"javabuild\build\intermediates\merged_res_blame_folder\release\mergeReleaseResources\out\multi-v2\values-bn.json","60"
"javabuild\build\intermediates\merged_res_blame_folder\release\mergeReleaseResources\out\multi-v2\values-bs.json","60"
"javabuild\build\intermediates\merged_res_blame_folder\release\mergeReleaseResources\out\multi-v2\values-ca.json","60"
"javabuild\build\intermediates\merged_res_blame_folder\release\mergeReleaseResources\out\multi-v2\values-cs.json","60"
"javabuild\build\intermediates\merged_res_blame_folder\release\mergeReleaseResources\out\multi-v2\values-da.json","60"
"javabuild\build\intermediates\merged_res_blame_folder\release\mergeReleaseResources\out\multi-v2\values-de.json","60"
"javabuild\build\intermediates\merged_res_blame_folder\release\mergeReleaseResources\out\multi-v2\values-el.json","60"
"javabuild\build\intermediates\merged_res_blame_folder\release\mergeReleaseResources\out\multi-v2\values-en-rAU.json","60"
"javabuild\build\intermediates\merged_res_blame_folder\release\mergeReleaseResources\out\multi-v2\values-en-rCA.json","60"
"javabuild\build\intermediates\merged_res_blame_folder\release\mergeReleaseResources\out\multi-v2\values-en-rGB.json","60"
"javabuild\build\intermediates\merged_res_blame_folder\release\mergeReleaseResources\out\multi-v2\values-en-rIN.json","60"
"javabuild\build\intermediates\merged_res_blame_folder\release\mergeReleaseResources\out\multi-v2\values-en-rXC.json","60"
"javabuild\build\intermediates\merged_res_blame_folder\release\mergeReleaseResources\out\multi-v2\values-es-rUS.json","60"
"javabuild\build\intermediates\merged_res_blame_folder\release\mergeReleaseResources\out\multi-v2\values-es.json","60"
"javabuild\build\intermediates\merged_res_blame_folder\release\mergeReleaseResources\out\multi-v2\values-et.json","60"
"javabuild\build\intermediates\merged_res_blame_folder\release\mergeReleaseResources\out\multi-v2\values-eu.json","60"
"javabuild\build\intermediates\merged_res_blame_folder\release\mergeReleaseResources\out\multi-v2\values-fa.json","60"
"javabuild\build\intermediates\merged_res_blame_folder\release\mergeReleaseResources\out\multi-v2\values-fi.json","60"
"javabuild\build\intermediates\merged_res_blame_folder\release\mergeReleaseResources\out\multi-v2\values-fr-rCA.json","60"
"javabuild\build\intermediates\merged_res_blame_folder\release\mergeReleaseResources\out\multi-v2\values-fr.json","60"
"javabuild\build\intermediates\merged_res_blame_folder\release\mergeReleaseResources\out\multi-v2\values-gl.json","60"
"javabuild\build\intermediates\merged_res_blame_folder\release\mergeReleaseResources\out\multi-v2\values-gu.json","60"
"javabuild\build\intermediates\merged_res_blame_folder\release\mergeReleaseResources\out\multi-v2\values-h720dp-v13.json","19"
"javabuild\build\intermediates\merged_res_blame_folder\release\mergeReleaseResources\out\multi-v2\values-hdpi-v4.json","20"
"javabuild\build\intermediates\merged_res_blame_folder\release\mergeReleaseResources\out\multi-v2\values-hi.json","60"
"javabuild\build\intermediates\merged_res_blame_folder\release\mergeReleaseResources\out\multi-v2\values-hr.json","60"
"javabuild\build\intermediates\merged_res_blame_folder\release\mergeReleaseResources\out\multi-v2\values-hu.json","60"
"javabuild\build\intermediates\merged_res_blame_folder\release\mergeReleaseResources\out\multi-v2\values-hy.json","60"
"javabuild\build\intermediates\merged_res_blame_folder\release\mergeReleaseResources\out\multi-v2\values-in.json","60"
"javabuild\build\intermediates\merged_res_blame_folder\release\mergeReleaseResources\out\multi-v2\values-is.json","60"
"javabuild\build\intermediates\merged_res_blame_folder\release\mergeReleaseResources\out\multi-v2\values-it.json","60"
"javabuild\build\intermediates\merged_res_blame_folder\release\mergeReleaseResources\out\multi-v2\values-iw.json","60"
"javabuild\build\intermediates\merged_res_blame_folder\release\mergeReleaseResources\out\multi-v2\values-ja.json","60"
"javabuild\build\intermediates\merged_res_blame_folder\release\mergeReleaseResources\out\multi-v2\values-ka.json","60"
"javabuild\build\intermediates\merged_res_blame_folder\release\mergeReleaseResources\out\multi-v2\values-kk.json","60"
"javabuild\build\intermediates\merged_res_blame_folder\release\mergeReleaseResources\out\multi-v2\values-km.json","60"
"javabuild\build\intermediates\merged_res_blame_folder\release\mergeReleaseResources\out\multi-v2\values-kn.json","60"
"javabuild\build\intermediates\merged_res_blame_folder\release\mergeReleaseResources\out\multi-v2\values-ko.json","60"
"javabuild\build\intermediates\merged_res_blame_folder\release\mergeReleaseResources\out\multi-v2\values-ky.json","60"
"javabuild\build\intermediates\merged_res_blame_folder\release\mergeReleaseResources\out\multi-v2\values-land.json","19"
"javabuild\build\intermediates\merged_res_blame_folder\release\mergeReleaseResources\out\multi-v2\values-large-v4.json","19"
"javabuild\build\intermediates\merged_res_blame_folder\release\mergeReleaseResources\out\multi-v2\values-ldltr-v21.json","19"
"javabuild\build\intermediates\merged_res_blame_folder\release\mergeReleaseResources\out\multi-v2\values-lo.json","60"
"javabuild\build\intermediates\merged_res_blame_folder\release\mergeReleaseResources\out\multi-v2\values-lt.json","60"
"javabuild\build\intermediates\merged_res_blame_folder\release\mergeReleaseResources\out\multi-v2\values-lv.json","60"
"javabuild\build\intermediates\merged_res_blame_folder\release\mergeReleaseResources\out\multi-v2\values-mk.json","60"
"javabuild\build\intermediates\merged_res_blame_folder\release\mergeReleaseResources\out\multi-v2\values-ml.json","60"
"javabuild\build\intermediates\merged_res_blame_folder\release\mergeReleaseResources\out\multi-v2\values-mn.json","60"
"javabuild\build\intermediates\merged_res_blame_folder\release\mergeReleaseResources\out\multi-v2\values-mr.json","60"
"javabuild\build\intermediates\merged_res_blame_folder\release\mergeReleaseResources\out\multi-v2\values-ms.json","60"
"javabuild\build\intermediates\merged_res_blame_folder\release\mergeReleaseResources\out\multi-v2\values-my.json","60"
"javabuild\build\intermediates\merged_res_blame_folder\release\mergeReleaseResources\out\multi-v2\values-nb.json","60"
"javabuild\build\intermediates\merged_res_blame_folder\release\mergeReleaseResources\out\multi-v2\values-ne.json","60"
"javabuild\build\intermediates\merged_res_blame_folder\release\mergeReleaseResources\out\multi-v2\values-night-v8.json","19"
"javabuild\build\intermediates\merged_res_blame_folder\release\mergeReleaseResources\out\multi-v2\values-nl.json","60"
"javabuild\build\intermediates\merged_res_blame_folder\release\mergeReleaseResources\out\multi-v2\values-or.json","60"
"javabuild\build\intermediates\merged_res_blame_folder\release\mergeReleaseResources\out\multi-v2\values-pa.json","60"
"javabuild\build\intermediates\merged_res_blame_folder\release\mergeReleaseResources\out\multi-v2\values-pl.json","60"
"javabuild\build\intermediates\merged_res_blame_folder\release\mergeReleaseResources\out\multi-v2\values-port.json","19"
"javabuild\build\intermediates\merged_res_blame_folder\release\mergeReleaseResources\out\multi-v2\values-pt-rBR.json","60"
"javabuild\build\intermediates\merged_res_blame_folder\release\mergeReleaseResources\out\multi-v2\values-pt-rPT.json","60"
"javabuild\build\intermediates\merged_res_blame_folder\release\mergeReleaseResources\out\multi-v2\values-pt.json","60"
"javabuild\build\intermediates\merged_res_blame_folder\release\mergeReleaseResources\out\multi-v2\values-ro.json","60"
"javabuild\build\intermediates\merged_res_blame_folder\release\mergeReleaseResources\out\multi-v2\values-ru.json","60"
"javabuild\build\intermediates\merged_res_blame_folder\release\mergeReleaseResources\out\multi-v2\values-si.json","60"
"javabuild\build\intermediates\merged_res_blame_folder\release\mergeReleaseResources\out\multi-v2\values-sk.json","60"
"javabuild\build\intermediates\merged_res_blame_folder\release\mergeReleaseResources\out\multi-v2\values-sl.json","60"
"javabuild\build\intermediates\merged_res_blame_folder\release\mergeReleaseResources\out\multi-v2\values-sq.json","60"
"javabuild\build\intermediates\merged_res_blame_folder\release\mergeReleaseResources\out\multi-v2\values-sr.json","60"
"javabuild\build\intermediates\merged_res_blame_folder\release\mergeReleaseResources\out\multi-v2\values-sv.json","60"
"javabuild\build\intermediates\merged_res_blame_folder\release\mergeReleaseResources\out\multi-v2\values-sw.json","60"
"javabuild\build\intermediates\merged_res_blame_folder\release\mergeReleaseResources\out\multi-v2\values-sw600dp-v13.json","19"
"javabuild\build\intermediates\merged_res_blame_folder\release\mergeReleaseResources\out\multi-v2\values-ta.json","60"
"javabuild\build\intermediates\merged_res_blame_folder\release\mergeReleaseResources\out\multi-v2\values-te.json","60"
"javabuild\build\intermediates\merged_res_blame_folder\release\mergeReleaseResources\out\multi-v2\values-th.json","60"
"javabuild\build\intermediates\merged_res_blame_folder\release\mergeReleaseResources\out\multi-v2\values-tl.json","60"
"javabuild\build\intermediates\merged_res_blame_folder\release\mergeReleaseResources\out\multi-v2\values-tr.json","60"
"javabuild\build\intermediates\merged_res_blame_folder\release\mergeReleaseResources\out\multi-v2\values-uk.json","60"
"javabuild\build\intermediates\merged_res_blame_folder\release\mergeReleaseResources\out\multi-v2\values-ur.json","60"
"javabuild\build\intermediates\merged_res_blame_folder\release\mergeReleaseResources\out\multi-v2\values-uz.json","60"
"javabuild\build\intermediates\merged_res_blame_folder\release\mergeReleaseResources\out\multi-v2\values-v16.json","20"
"javabuild\build\intermediates\merged_res_blame_folder\release\mergeReleaseResources\out\multi-v2\values-v17.json","20"
"javabuild\build\intermediates\merged_res_blame_folder\release\mergeReleaseResources\out\multi-v2\values-v18.json","19"
"javabuild\build\intermediates\merged_res_blame_folder\release\mergeReleaseResources\out\multi-v2\values-v21.json","47"
"javabuild\build\intermediates\merged_res_blame_folder\release\mergeReleaseResources\out\multi-v2\values-v22.json","20"
"javabuild\build\intermediates\merged_res_blame_folder\release\mergeReleaseResources\out\multi-v2\values-v23.json","20"
"javabuild\build\intermediates\merged_res_blame_folder\release\mergeReleaseResources\out\multi-v2\values-v24.json","19"
"javabuild\build\intermediates\merged_res_blame_folder\release\mergeReleaseResources\out\multi-v2\values-v25.json","20"
"javabuild\build\intermediates\merged_res_blame_folder\release\mergeReleaseResources\out\multi-v2\values-v26.json","20"
"javabuild\build\intermediates\merged_res_blame_folder\release\mergeReleaseResources\out\multi-v2\values-v28.json","20"
"javabuild\build\intermediates\merged_res_blame_folder\release\mergeReleaseResources\out\multi-v2\values-vi.json","60"
"javabuild\build\intermediates\merged_res_blame_folder\release\mergeReleaseResources\out\multi-v2\values-watch-v20.json","20"
"javabuild\build\intermediates\merged_res_blame_folder\release\mergeReleaseResources\out\multi-v2\values-watch-v21.json","20"
"javabuild\build\intermediates\merged_res_blame_folder\release\mergeReleaseResources\out\multi-v2\values-xlarge-v4.json","19"
"javabuild\build\intermediates\merged_res_blame_folder\release\mergeReleaseResources\out\multi-v2\values-zh-rCN.json","60"
"javabuild\build\intermediates\merged_res_blame_folder\release\mergeReleaseResources\out\multi-v2\values-zh-rHK.json","60"
"javabuild\build\intermediates\merged_res_blame_folder\release\mergeReleaseResources\out\multi-v2\values-zh-rTW.json","60"
"javabuild\build\intermediates\merged_res_blame_folder\release\mergeReleaseResources\out\multi-v2\values-zu.json","60"
"javabuild\build\intermediates\merged_res_blame_folder\release\mergeReleaseResources\out\multi-v2\values.json","257"
"javabuild\build\intermediates\merged_res_blame_folder\release\mergeReleaseResources\out\single\mergeReleaseResources.json","122"
"javabuild\build\intermediates\merged_res\release\mergeReleaseResources\drawable-anydpi_shortcut_legacy_background.xml.flat","21"
"javabuild\build\intermediates\merged_res\release\mergeReleaseResources\drawable-hdpi_ic_notification_icon.png.flat","16"
"javabuild\build\intermediates\merged_res\release\mergeReleaseResources\drawable-hdpi_shortcut_0.png.flat","29"
"javabuild\build\intermediates\merged_res\release\mergeReleaseResources\drawable-hdpi_splash.png.flat","746"
"javabuild\build\intermediates\merged_res\release\mergeReleaseResources\drawable-mdpi_ic_notification_icon.png.flat","11"
"javabuild\build\intermediates\merged_res\release\mergeReleaseResources\drawable-mdpi_shortcut_0.png.flat","18"
"javabuild\build\intermediates\merged_res\release\mergeReleaseResources\drawable-mdpi_splash.png.flat","354"
"javabuild\build\intermediates\merged_res\release\mergeReleaseResources\drawable-xhdpi_ic_notification_icon.png.flat","18"
"javabuild\build\intermediates\merged_res\release\mergeReleaseResources\drawable-xhdpi_shortcut_0.png.flat","43"
"javabuild\build\intermediates\merged_res\release\mergeReleaseResources\drawable-xhdpi_splash.png.flat","1123"
"javabuild\build\intermediates\merged_res\release\mergeReleaseResources\drawable-xxhdpi_ic_notification_icon.png.flat","29"
"javabuild\build\intermediates\merged_res\release\mergeReleaseResources\drawable-xxhdpi_shortcut_0.png.flat","102"
"javabuild\build\intermediates\merged_res\release\mergeReleaseResources\drawable-xxhdpi_splash.png.flat","1988"
"javabuild\build\intermediates\merged_res\release\mergeReleaseResources\drawable-xxxhdpi_ic_notification_icon.png.flat","43"
"javabuild\build\intermediates\merged_res\release\mergeReleaseResources\drawable-xxxhdpi_shortcut_0.png.flat","137"
"javabuild\build\intermediates\merged_res\release\mergeReleaseResources\drawable-xxxhdpi_splash.png.flat","3002"
"javabuild\build\intermediates\merged_res\release\mergeReleaseResources\mipmap-anydpi-v26_ic_launcher.xml.flat","23"
"javabuild\build\intermediates\merged_res\release\mergeReleaseResources\mipmap-hdpi_ic_launcher.png.flat","29"
"javabuild\build\intermediates\merged_res\release\mergeReleaseResources\mipmap-hdpi_ic_maskable.png.flat","88"
"javabuild\build\intermediates\merged_res\release\mergeReleaseResources\mipmap-mdpi_ic_launcher.png.flat","18"
"javabuild\build\intermediates\merged_res\release\mergeReleaseResources\mipmap-mdpi_ic_maskable.png.flat","54"
"javabuild\build\intermediates\merged_res\release\mergeReleaseResources\mipmap-xhdpi_ic_launcher.png.flat","43"
"javabuild\build\intermediates\merged_res\release\mergeReleaseResources\mipmap-xhdpi_ic_maskable.png.flat","133"
"javabuild\build\intermediates\merged_res\release\mergeReleaseResources\mipmap-xxhdpi_ic_launcher.png.flat","102"
"javabuild\build\intermediates\merged_res\release\mergeReleaseResources\mipmap-xxhdpi_ic_maskable.png.flat","213"
"javabuild\build\intermediates\merged_res\release\mergeReleaseResources\mipmap-xxxhdpi_ic_launcher.png.flat","137"
"javabuild\build\intermediates\merged_res\release\mergeReleaseResources\mipmap-xxxhdpi_ic_maskable.png.flat","412"
"javabuild\build\intermediates\merged_res\release\mergeReleaseResources\raw_web_app_manifest.json.flat","2"
"javabuild\build\intermediates\merged_res\release\mergeReleaseResources\values_values.arsc.flat","6138"
"javabuild\build\intermediates\merged_res\release\mergeReleaseResources\values-af_values-af.arsc.flat","131"
"javabuild\build\intermediates\merged_res\release\mergeReleaseResources\values-am_values-am.arsc.flat","135"
"javabuild\build\intermediates\merged_res\release\mergeReleaseResources\values-ar_values-ar.arsc.flat","132"
"javabuild\build\intermediates\merged_res\release\mergeReleaseResources\values-as_values-as.arsc.flat","131"
"javabuild\build\intermediates\merged_res\release\mergeReleaseResources\values-az_values-az.arsc.flat","130"
"javabuild\build\intermediates\merged_res\release\mergeReleaseResources\values-b+sr+Latn_values-b+sr+Latn.arsc.flat","131"
"javabuild\build\intermediates\merged_res\release\mergeReleaseResources\values-be_values-be.arsc.flat","131"
"javabuild\build\intermediates\merged_res\release\mergeReleaseResources\values-bg_values-bg.arsc.flat","131"
"javabuild\build\intermediates\merged_res\release\mergeReleaseResources\values-bn_values-bn.arsc.flat","128"
"javabuild\build\intermediates\merged_res\release\mergeReleaseResources\values-bs_values-bs.arsc.flat","133"
"javabuild\build\intermediates\merged_res\release\mergeReleaseResources\values-ca_values-ca.arsc.flat","132"
"javabuild\build\intermediates\merged_res\release\mergeReleaseResources\values-cs_values-cs.arsc.flat","135"
"javabuild\build\intermediates\merged_res\release\mergeReleaseResources\values-da_values-da.arsc.flat","132"
"javabuild\build\intermediates\merged_res\release\mergeReleaseResources\values-de_values-de.arsc.flat","131"
"javabuild\build\intermediates\merged_res\release\mergeReleaseResources\values-el_values-el.arsc.flat","130"
"javabuild\build\intermediates\merged_res\release\mergeReleaseResources\values-en-rAU_values-en-rAU.arsc.flat","134"
"javabuild\build\intermediates\merged_res\release\mergeReleaseResources\values-en-rCA_values-en-rCA.arsc.flat","134"
"javabuild\build\intermediates\merged_res\release\mergeReleaseResources\values-en-rGB_values-en-rGB.arsc.flat","134"
"javabuild\build\intermediates\merged_res\release\mergeReleaseResources\values-en-rIN_values-en-rIN.arsc.flat","134"
"javabuild\build\intermediates\merged_res\release\mergeReleaseResources\values-en-rXC_values-en-rXC.arsc.flat","126"
"javabuild\build\intermediates\merged_res\release\mergeReleaseResources\values-es_values-es.arsc.flat","135"
"javabuild\build\intermediates\merged_res\release\mergeReleaseResources\values-es-rUS_values-es-rUS.arsc.flat","136"
"javabuild\build\intermediates\merged_res\release\mergeReleaseResources\values-et_values-et.arsc.flat","134"
"javabuild\build\intermediates\merged_res\release\mergeReleaseResources\values-eu_values-eu.arsc.flat","134"
"javabuild\build\intermediates\merged_res\release\mergeReleaseResources\values-fa_values-fa.arsc.flat","127"
"javabuild\build\intermediates\merged_res\release\mergeReleaseResources\values-fi_values-fi.arsc.flat","132"
"javabuild\build\intermediates\merged_res\release\mergeReleaseResources\values-fr_values-fr.arsc.flat","132"
"javabuild\build\intermediates\merged_res\release\mergeReleaseResources\values-fr-rCA_values-fr-rCA.arsc.flat","132"
"javabuild\build\intermediates\merged_res\release\mergeReleaseResources\values-gl_values-gl.arsc.flat","133"
"javabuild\build\intermediates\merged_res\release\mergeReleaseResources\values-gu_values-gu.arsc.flat","131"
"javabuild\build\intermediates\merged_res\release\mergeReleaseResources\values-h720dp-v13_values-h720dp-v13.arsc.flat","7"
"javabuild\build\intermediates\merged_res\release\mergeReleaseResources\values-hdpi-v4_values-hdpi-v4.arsc.flat","14"
"javabuild\build\intermediates\merged_res\release\mergeReleaseResources\values-hi_values-hi.arsc.flat","131"
"javabuild\build\intermediates\merged_res\release\mergeReleaseResources\values-hr_values-hr.arsc.flat","135"
"javabuild\build\intermediates\merged_res\release\mergeReleaseResources\values-hu_values-hu.arsc.flat","130"
"javabuild\build\intermediates\merged_res\release\mergeReleaseResources\values-hy_values-hy.arsc.flat","129"
"javabuild\build\intermediates\merged_res\release\mergeReleaseResources\values-in_values-in.arsc.flat","129"
"javabuild\build\intermediates\merged_res\release\mergeReleaseResources\values-is_values-is.arsc.flat","133"
"javabuild\build\intermediates\merged_res\release\mergeReleaseResources\values-it_values-it.arsc.flat","130"
"javabuild\build\intermediates\merged_res\release\mergeReleaseResources\values-iw_values-iw.arsc.flat","128"
"javabuild\build\intermediates\merged_res\release\mergeReleaseResources\values-ja_values-ja.arsc.flat","139"
"javabuild\build\intermediates\merged_res\release\mergeReleaseResources\values-ka_values-ka.arsc.flat","129"
"javabuild\build\intermediates\merged_res\release\mergeReleaseResources\values-kk_values-kk.arsc.flat","130"
"javabuild\build\intermediates\merged_res\release\mergeReleaseResources\values-km_values-km.arsc.flat","131"
"javabuild\build\intermediates\merged_res\release\mergeReleaseResources\values-kn_values-kn.arsc.flat","131"
"javabuild\build\intermediates\merged_res\release\mergeReleaseResources\values-ko_values-ko.arsc.flat","139"
"javabuild\build\intermediates\merged_res\release\mergeReleaseResources\values-ky_values-ky.arsc.flat","129"
"javabuild\build\intermediates\merged_res\release\mergeReleaseResources\values-land_values-land.arsc.flat","10"
"javabuild\build\intermediates\merged_res\release\mergeReleaseResources\values-large-v4_values-large-v4.arsc.flat","25"
"javabuild\build\intermediates\merged_res\release\mergeReleaseResources\values-ldltr-v21_values-ldltr-v21.arsc.flat","7"
"javabuild\build\intermediates\merged_res\release\mergeReleaseResources\values-lo_values-lo.arsc.flat","131"
"javabuild\build\intermediates\merged_res\release\mergeReleaseResources\values-lt_values-lt.arsc.flat","128"
"javabuild\build\intermediates\merged_res\release\mergeReleaseResources\values-lv_values-lv.arsc.flat","129"
"javabuild\build\intermediates\merged_res\release\mergeReleaseResources\values-mk_values-mk.arsc.flat","128"
"javabuild\build\intermediates\merged_res\release\mergeReleaseResources\values-ml_values-ml.arsc.flat","129"
"javabuild\build\intermediates\merged_res\release\mergeReleaseResources\values-mn_values-mn.arsc.flat","129"
"javabuild\build\intermediates\merged_res\release\mergeReleaseResources\values-mr_values-mr.arsc.flat","131"
"javabuild\build\intermediates\merged_res\release\mergeReleaseResources\values-ms_values-ms.arsc.flat","130"
"javabuild\build\intermediates\merged_res\release\mergeReleaseResources\values-my_values-my.arsc.flat","129"
"javabuild\build\intermediates\merged_res\release\mergeReleaseResources\values-nb_values-nb.arsc.flat","130"
"javabuild\build\intermediates\merged_res\release\mergeReleaseResources\values-ne_values-ne.arsc.flat","130"
"javabuild\build\intermediates\merged_res\release\mergeReleaseResources\values-night-v8_values-night-v8.arsc.flat","29"
"javabuild\build\intermediates\merged_res\release\mergeReleaseResources\values-nl_values-nl.arsc.flat","136"
"javabuild\build\intermediates\merged_res\release\mergeReleaseResources\values-or_values-or.arsc.flat","128"
"javabuild\build\intermediates\merged_res\release\mergeReleaseResources\values-pa_values-pa.arsc.flat","132"
"javabuild\build\intermediates\merged_res\release\mergeReleaseResources\values-pl_values-pl.arsc.flat","135"
"javabuild\build\intermediates\merged_res\release\mergeReleaseResources\values-port_values-port.arsc.flat","6"
"javabuild\build\intermediates\merged_res\release\mergeReleaseResources\values-pt_values-pt.arsc.flat","132"
"javabuild\build\intermediates\merged_res\release\mergeReleaseResources\values-pt-rBR_values-pt-rBR.arsc.flat","132"
"javabuild\build\intermediates\merged_res\release\mergeReleaseResources\values-pt-rPT_values-pt-rPT.arsc.flat","132"
"javabuild\build\intermediates\merged_res\release\mergeReleaseResources\values-ro_values-ro.arsc.flat","134"
"javabuild\build\intermediates\merged_res\release\mergeReleaseResources\values-ru_values-ru.arsc.flat","131"
"javabuild\build\intermediates\merged_res\release\mergeReleaseResources\values-si_values-si.arsc.flat","129"
"javabuild\build\intermediates\merged_res\release\mergeReleaseResources\values-sk_values-sk.arsc.flat","129"
"javabuild\build\intermediates\merged_res\release\mergeReleaseResources\values-sl_values-sl.arsc.flat","132"
"javabuild\build\intermediates\merged_res\release\mergeReleaseResources\values-sq_values-sq.arsc.flat","133"
"javabuild\build\intermediates\merged_res\release\mergeReleaseResources\values-sr_values-sr.arsc.flat","129"
"javabuild\build\intermediates\merged_res\release\mergeReleaseResources\values-sv_values-sv.arsc.flat","133"
"javabuild\build\intermediates\merged_res\release\mergeReleaseResources\values-sw_values-sw.arsc.flat","135"
"javabuild\build\intermediates\merged_res\release\mergeReleaseResources\values-sw600dp-v13_values-sw600dp-v13.arsc.flat","29"
"javabuild\build\intermediates\merged_res\release\mergeReleaseResources\values-ta_values-ta.arsc.flat","128"
"javabuild\build\intermediates\merged_res\release\mergeReleaseResources\values-te_values-te.arsc.flat","131"
"javabuild\build\intermediates\merged_res\release\mergeReleaseResources\values-th_values-th.arsc.flat","132"
"javabuild\build\intermediates\merged_res\release\mergeReleaseResources\values-tl_values-tl.arsc.flat","130"
"javabuild\build\intermediates\merged_res\release\mergeReleaseResources\values-tr_values-tr.arsc.flat","131"
"javabuild\build\intermediates\merged_res\release\mergeReleaseResources\values-uk_values-uk.arsc.flat","130"
"javabuild\build\intermediates\merged_res\release\mergeReleaseResources\values-ur_values-ur.arsc.flat","128"
"javabuild\build\intermediates\merged_res\release\mergeReleaseResources\values-uz_values-uz.arsc.flat","133"
"javabuild\build\intermediates\merged_res\release\mergeReleaseResources\values-v16_values-v16.arsc.flat","11"
"javabuild\build\intermediates\merged_res\release\mergeReleaseResources\values-v17_values-v17.arsc.flat","111"
"javabuild\build\intermediates\merged_res\release\mergeReleaseResources\values-v18_values-v18.arsc.flat","6"
"javabuild\build\intermediates\merged_res\release\mergeReleaseResources\values-v21_values-v21.arsc.flat","506"
"javabuild\build\intermediates\merged_res\release\mergeReleaseResources\values-v22_values-v22.arsc.flat","26"
"javabuild\build\intermediates\merged_res\release\mergeReleaseResources\values-v23_values-v23.arsc.flat","88"
"javabuild\build\intermediates\merged_res\release\mergeReleaseResources\values-v24_values-v24.arsc.flat","10"
"javabuild\build\intermediates\merged_res\release\mergeReleaseResources\values-v25_values-v25.arsc.flat","16"
"javabuild\build\intermediates\merged_res\release\mergeReleaseResources\values-v26_values-v26.arsc.flat","32"
"javabuild\build\intermediates\merged_res\release\mergeReleaseResources\values-v28_values-v28.arsc.flat","20"
"javabuild\build\intermediates\merged_res\release\mergeReleaseResources\values-vi_values-vi.arsc.flat","130"
"javabuild\build\intermediates\merged_res\release\mergeReleaseResources\values-watch-v20_values-watch-v20.arsc.flat","20"
"javabuild\build\intermediates\merged_res\release\mergeReleaseResources\values-watch-v21_values-watch-v21.arsc.flat","26"
"javabuild\build\intermediates\merged_res\release\mergeReleaseResources\values-xlarge-v4_values-xlarge-v4.arsc.flat","16"
"javabuild\build\intermediates\merged_res\release\mergeReleaseResources\values-zh-rCN_values-zh-rCN.arsc.flat","140"
"javabuild\build\intermediates\merged_res\release\mergeReleaseResources\values-zh-rHK_values-zh-rHK.arsc.flat","145"
"javabuild\build\intermediates\merged_res\release\mergeReleaseResources\values-zh-rTW_values-zh-rTW.arsc.flat","144"
"javabuild\build\intermediates\merged_res\release\mergeReleaseResources\values-zu_values-zu.arsc.flat","129"
"javabuild\build\intermediates\merged_res\release\mergeReleaseResources\xml_filepaths.xml.flat","6"
"javabuild\build\intermediates\merged_res\release\mergeReleaseResources\xml_shortcuts.xml.flat","21"
"javabuild\build\intermediates\metadata_library_dependencies_report\release\collectReleaseDependencies\dependencies.pb","270"
"javabuild\build\intermediates\module_bundle\release\buildReleasePreBundle\base.zip","26377"
"javabuild\build\intermediates\navigation_json\release\extractDeepLinksRelease\navigation.json","1"
"javabuild\build\intermediates\nested_resources_validation_report\release\generateReleaseResources\nestedResourcesValidationReport.txt","1"
"javabuild\build\intermediates\optimized_processed_res\release\optimizeReleaseResources\output-metadata.json","20"
"javabuild\build\intermediates\optimized_processed_res\release\optimizeReleaseResources\resources-release-optimize.ap_","12383"
"javabuild\build\intermediates\packaged_manifests\release\processReleaseManifestForPackage\AndroidManifest.xml","192"
"javabuild\build\intermediates\packaged_manifests\release\processReleaseManifestForPackage\output-metadata.json","20"
"javabuild\build\intermediates\packaged_res\release\packageReleaseResources\drawable-anydpi-v4\shortcut_legacy_background.xml","22"
"javabuild\build\intermediates\packaged_res\release\packageReleaseResources\drawable-hdpi-v4\ic_notification_icon.png","10"
"javabuild\build\intermediates\packaged_res\release\packageReleaseResources\drawable-hdpi-v4\shortcut_0.png","47"
"javabuild\build\intermediates\packaged_res\release\packageReleaseResources\drawable-hdpi-v4\splash.png","1126"
"javabuild\build\intermediates\packaged_res\release\packageReleaseResources\drawable-mdpi-v4\ic_notification_icon.png","7"
"javabuild\build\intermediates\packaged_res\release\packageReleaseResources\drawable-mdpi-v4\shortcut_0.png","16"
"javabuild\build\intermediates\packaged_res\release\packageReleaseResources\drawable-mdpi-v4\splash.png","551"
"javabuild\build\intermediates\packaged_res\release\packageReleaseResources\drawable-xhdpi-v4\ic_notification_icon.png","16"
"javabuild\build\intermediates\packaged_res\release\packageReleaseResources\drawable-xhdpi-v4\shortcut_0.png","48"
"javabuild\build\intermediates\packaged_res\release\packageReleaseResources\drawable-xhdpi-v4\splash.png","1685"
"javabuild\build\intermediates\packaged_res\release\packageReleaseResources\drawable-xxhdpi-v4\ic_notification_icon.png","47"
"javabuild\build\intermediates\packaged_res\release\packageReleaseResources\drawable-xxhdpi-v4\shortcut_0.png","82"
"javabuild\build\intermediates\packaged_res\release\packageReleaseResources\drawable-xxhdpi-v4\splash.png","2012"
"javabuild\build\intermediates\packaged_res\release\packageReleaseResources\drawable-xxxhdpi-v4\ic_notification_icon.png","48"
"javabuild\build\intermediates\packaged_res\release\packageReleaseResources\drawable-xxxhdpi-v4\shortcut_0.png","131"
"javabuild\build\intermediates\packaged_res\release\packageReleaseResources\drawable-xxxhdpi-v4\splash.png","2547"
"javabuild\build\intermediates\packaged_res\release\packageReleaseResources\mipmap-anydpi-v26\ic_launcher.xml","30"
"javabuild\build\intermediates\packaged_res\release\packageReleaseResources\mipmap-hdpi-v4\ic_launcher.png","47"
"javabuild\build\intermediates\packaged_res\release\packageReleaseResources\mipmap-hdpi-v4\ic_maskable.png","52"
"javabuild\build\intermediates\packaged_res\release\packageReleaseResources\mipmap-mdpi-v4\ic_launcher.png","16"
"javabuild\build\intermediates\packaged_res\release\packageReleaseResources\mipmap-mdpi-v4\ic_maskable.png","41"
"javabuild\build\intermediates\packaged_res\release\packageReleaseResources\mipmap-xhdpi-v4\ic_launcher.png","48"
"javabuild\build\intermediates\packaged_res\release\packageReleaseResources\mipmap-xhdpi-v4\ic_maskable.png","65"
"javabuild\build\intermediates\packaged_res\release\packageReleaseResources\mipmap-xxhdpi-v4\ic_launcher.png","82"
"javabuild\build\intermediates\packaged_res\release\packageReleaseResources\mipmap-xxhdpi-v4\ic_maskable.png","337"
"javabuild\build\intermediates\packaged_res\release\packageReleaseResources\mipmap-xxxhdpi-v4\ic_launcher.png","131"
"javabuild\build\intermediates\packaged_res\release\packageReleaseResources\mipmap-xxxhdpi-v4\ic_maskable.png","490"
"javabuild\build\intermediates\packaged_res\release\packageReleaseResources\raw\web_app_manifest.json","1"
"javabuild\build\intermediates\packaged_res\release\packageReleaseResources\values\values.xml","36"
"javabuild\build\intermediates\packaged_res\release\packageReleaseResources\xml\filepaths.xml","15"
"javabuild\build\intermediates\packaged_res\release\packageReleaseResources\xml\shortcuts.xml","6"
"javabuild\build\intermediates\r8_art_profile\release\expandReleaseArtProfileWildcards\baseline-prof.txt","1394"
"javabuild\build\intermediates\r8_art_profile\release\minifyReleaseWithR8\baseline-prof.txt","484"
"javabuild\build\intermediates\r8_metadata\release\minifyReleaseWithR8\r8-metadata.dat","1"
"javabuild\build\intermediates\runtime_symbol_list\release\processReleaseResources\R.txt","1806"
"javabuild\build\intermediates\sdk_dependency_data\release\sdkReleaseDependencyData\sdkDependencyData.pb","25"
"javabuild\build\intermediates\signing_config_versions\release\writeReleaseSigningConfigVersions\signing-config-versions.json","1"
"javabuild\build\intermediates\source_set_path_map\release\mapReleaseSourceSetPaths\file-map.txt","28"
"javabuild\build\intermediates\stable_resource_ids_file\release\processReleaseResources\stableIds.txt","1365"
"javabuild\build\intermediates\symbol_list_with_package_name\release\processReleaseResources\package-aware-r.txt","1365"
"javabuild\build\intermediates\version_control_info_file\release\extractReleaseVersionControlInfo\version-control-info.textproto","5"
"javabuild\build\outputs\apk\release\app-release-unsigned.apk","14645"
"javabuild\build\outputs\apk\release\baselineProfiles\0\app-release-unsigned.dm","14"
"javabuild\build\outputs\apk\release\baselineProfiles\1\app-release-unsigned.dm","11"
"javabuild\build\outputs\apk\release\output-metadata.json","37"
"javabuild\build\outputs\bundle\release\app-release.aab","15377"
"javabuild\build\outputs\logs\manifest-merger-release-report.txt","463"
"javabuild\build\outputs\mapping\release\configuration.txt","333"
"javabuild\build\outputs\mapping\release\mapping.txt","25049"
"javabuild\build\outputs\mapping\release\seeds.txt","809"
"javabuild\build\outputs\mapping\release\usage.txt","15748"
"javabuild\build\outputs\sdk-dependencies\release\sdkDependencies.txt","1040"
"javabuild\build\reports\problems\problems-report.html","550"
"javabuild\build\tmp\compileReleaseJavaWithJavac\previous-compilation-data.bin","29"
"javabuild\gradle.properties","14"
"javabuild\gradle\wrapper\gradle-wrapper.jar","504"
"javabuild\gradle\wrapper\gradle-wrapper.properties","7"
"javabuild\gradlew","221"
"javabuild\gradlew.bat","71"
"javabuild\manifest-checksum.txt","1"
"javabuild\RESTORE_GRADLE_MODULE.txt","13"
"javabuild\settings.gradle","1"
"javabuild\src\main\AndroidManifest.xml","153"
"javabuild\src\main\java\app\netlify\blinkbudget\twa\Application.java","24"
"javabuild\src\main\java\app\netlify\blinkbudget\twa\DelegationService.java","9"
"javabuild\src\main\java\app\netlify\blinkbudget\twa\LauncherActivity.java","45"
"javabuild\src\main\res\drawable-anydpi\shortcut_legacy_background.xml","22"
"javabuild\src\main\res\drawable-hdpi\ic_notification_icon.png","10"
"javabuild\src\main\res\drawable-hdpi\shortcut_0.png","47"
"javabuild\src\main\res\drawable-hdpi\splash.png","1126"
"javabuild\src\main\res\drawable-mdpi\ic_notification_icon.png","7"
"javabuild\src\main\res\drawable-mdpi\shortcut_0.png","16"
"javabuild\src\main\res\drawable-mdpi\splash.png","551"
"javabuild\src\main\res\drawable-xhdpi\ic_notification_icon.png","16"
"javabuild\src\main\res\drawable-xhdpi\shortcut_0.png","48"
"javabuild\src\main\res\drawable-xhdpi\splash.png","1685"
"javabuild\src\main\res\drawable-xxhdpi\ic_notification_icon.png","47"
"javabuild\src\main\res\drawable-xxhdpi\shortcut_0.png","82"
"javabuild\src\main\res\drawable-xxhdpi\splash.png","2012"
"javabuild\src\main\res\drawable-xxxhdpi\ic_notification_icon.png","48"
"javabuild\src\main\res\drawable-xxxhdpi\shortcut_0.png","131"
"javabuild\src\main\res\drawable-xxxhdpi\splash.png","2547"
"javabuild\src\main\res\mipmap-anydpi-v26\ic_launcher.xml","30"
"javabuild\src\main\res\mipmap-hdpi\ic_launcher.png","47"
"javabuild\src\main\res\mipmap-hdpi\ic_maskable.png","52"
"javabuild\src\main\res\mipmap-mdpi\ic_launcher.png","16"
"javabuild\src\main\res\mipmap-mdpi\ic_maskable.png","41"
"javabuild\src\main\res\mipmap-xhdpi\ic_launcher.png","48"
"javabuild\src\main\res\mipmap-xhdpi\ic_maskable.png","65"
"javabuild\src\main\res\mipmap-xxhdpi\ic_launcher.png","82"
"javabuild\src\main\res\mipmap-xxhdpi\ic_maskable.png","337"
"javabuild\src\main\res\mipmap-xxxhdpi\ic_launcher.png","131"
"javabuild\src\main\res\mipmap-xxxhdpi\ic_maskable.png","490"
"javabuild\src\main\res\raw\web_app_manifest.json","1"
"javabuild\src\main\res\values\colors.xml","15"
"javabuild\src\main\res\values\strings.xml","37"
"javabuild\src\main\res\xml\filepaths.xml","15"
"javabuild\src\main\res\xml\shortcuts.xml","6"
"javabuild\twa-manifest.json","59"
"LICENSE","553"
"netlify.toml","93"
"offline.html","100"
"package-lock.json","13692"
"package.json","87"
"preview.bat","10"
"public\.well-known\assetlinks.json","12"
"public\favicon.ico","6"
"public\favicon.png","369"
"public\manifest.webmanifest","59"
"public\offline.html","109"
"public\privacy-policy.md","140"
"public\robots.txt","2"
"public\screenshot-desktop.png","118"
"public\screenshot-mobile.png","192"
"public\screenshots\dashboard.png","603"
"public\screenshots\financial-planning.png","771"
"public\screenshots\reports.png","630"
"public\screenshots\settings.png","564"
"public\terms-of-service.md","134"
"README.md","352"
"scripts\validate-docs.js","388"
"src\components\AccountDeletionSection.js","215"
"src\components\AccountSection.js","656"
"src\components\BackupRestoreSection.js","146"
"src\components\BudgetForm.js","105"
"src\components\BudgetInsightsSection.js","53"
"src\components\BudgetProgress.js","81"
"src\components\BudgetSuggestion.js","153"
"src\components\BudgetSummaryCard.js","135"
"src\components\BulkEditDialog.js","179"
"src\components\Button.js","144"
"src\components\CategoryCard.js","182"
"src\components\CategorySelector.js","182"
"src\components\ChartRenderer.js","971"
"src\components\ConfirmDialog.js","228"
"src\components\CustomCategoryManager.js","801"
"src\components\DashboardStatsCard.js","296"
"src\components\DataManagementSection.js","456"
"src\components\DateFormatSection.js","148"
"src\components\DateInput.js","86"
"src\components\ExpandableSection.js","200"
"src\components\FeedbackLink.js","113"
"src\components\financial-planning\EmergencyFundCard.js","73"
"src\components\financial-planning\ForecastCard.js","68"
"src\components\financial-planning\SectionContainer.js","41"
"src\components\financial-planning\StatsCard.js","103"
"src\components\GeneralSection.js","122"
"src\components\InflationTrends.js","286"
"src\components\InsightCard.js","99"
"src\components\LoadingView.js","23"
"src\components\MobileModal.js","466"
"src\components\MobileNavigation.js","164"
"src\components\NetBalanceChart.js","356"
"src\components\NetworkStatus.js","79"
"src\components\PrivacyControls.js","544"
"src\components\ProgressiveEmptyState.js","199"
"src\components\QuickAmountPresets.js","257"
"src\components\SecuritySection.js","56"
"src\components\TimePeriodSelector.js","961"
"src\components\TransactionForm.js","336"
"src\components\TransactionList.js","249"
"src\components\TransactionListItem.js","467"
"src\components\ui\ActionCard.js","301"
"src\core\Account\account-balance-predictor.js","319"
"src\core\Account\account-deletion-service.js","628"
"src\core\Account\account-service.js","205"
"src\core\amount-preset-service.js","148"
"src\core\analytics-engine.js","244"
"src\core\analytics\AnalyticsCache.js","447"
"src\core\analytics\AnalyticsInstance.js","18"
"src\core\analytics\AnomalyService.js","509"
"src\core\analytics\category-usage-service.js","211"
"src\core\analytics\ComparisonService.js","294"
"src\core\analytics\FilteringService.js","308"
"src\core\analytics\MetricsService.js","220"
"src\core\analytics\PredictionService.js","378"
"src\core\analytics\TrendService.js","715"
"src\core\auth-service.js","356"
"src\core\backup-service.js","601"
"src\core\budget-planner.js","113"
"src\core\budget-service.js","82"
"src\core\cache-invalidator.js","70"
"src\core\chart-config.js","655"
"src\core\chart-loader.js","152"
"src\core\click-tracking-service.js","156"
"src\core\custom-category-service.js","793"
"src\core\data-integrity-service.js","843"
"src\core\env-validator.js","441"
"src\core\financial-planning\PlanningDataManager.js","124"
"src\core\firebase-config.js","88"
"src\core\forecast-engine.js","667"
"src\core\goal-planner.js","577"
"src\core\insights-generator.js","384"
"src\core\install.js","74"
"src\core\investment-tracker.js","332"
"src\core\mobile-utils.js","519"
"src\core\navigation-state.js","555"
"src\core\privacy-service.js","308"
"src\core\router.js","58"
"src\core\savings-goals-service.js","216"
"src\core\settings-service.js","48"
"src\core\storage.js","195"
"src\core\sync-service.js","628"
"src\core\transaction-service.js","336"
"src\core\view-manager.js","32"
"src\core\view-preloader.js","207"
"src\main.js","145"
"src\pwa.js","259"
"src\router\guard.js","46"
"src\router\routes.js","100"
"src\styles\base.css","173"
"src\styles\components\enhanced-button.css","285"
"src\styles\components\enhanced-input.css","332"
"src\styles\components\forms-dialogs.css","619"
"src\styles\components\inflation-trends.css","132"
"src\styles\components\loading-indicators.css","44"
"src\styles\components\performance-accessibility.css","371"
"src\styles\components\reports.css","729"
"src\styles\components\ui.css","847"
"src\styles\components\webapp-components.css","399"
"src\styles\critical.css","217"
"src\styles\hero.css","653"
"src\styles\main.css","20"
"src\styles\mobile.css","277"
"src\styles\tokens.css","301"
"src\styles\utilities\view-styles.css","680"
"src\styles\utilities\webapp-patterns.css","342"
"src\utils\chart-refresh-helper.js","45"
"src\utils\chart-utils.js","148"
"src\utils\constants.js","292"
"src\utils\copy-strings.js","72"
"src\utils\date-utils.js","79"
"src\utils\dom-factory.js","154"
"src\utils\enhanced-empty-states.js","375"
"src\utils\financial-planning-charts.js","506"
"src\utils\financial-planning-helpers.js","122"
"src\utils\form-utils\_deprecated\index.js","16"
"src\utils\form-utils\amount-input.js","219"
"src\utils\form-utils\category-chips.js","438"
"src\utils\form-utils\keyboard.js","72"
"src\utils\form-utils\submission.js","164"
"src\utils\form-utils\transaction-tags.js","152"
"src\utils\form-utils\type-toggle.js","173"
"src\utils\form-utils\validation.js","119"
"src\utils\id-utils.js","19"
"src\utils\inflation-chart-utils.js","229"
"src\utils\navigation-helper.js","91"
"src\utils\progress-indicators.js","124"
"src\utils\reports-charts.js","560"
"src\utils\reports-ui.js","352"
"src\utils\reports-utils.js","261"
"src\utils\security-utils.js","111"
"src\utils\success-feedback.js","40"
"src\utils\toast-notifications.js","287"
"src\utils\touch-utils.js","21"
"src\utils\transaction-selection.js","21"
"src\utils\transaction-undo.js","48"
"src\views\AddView.js","110"
"src\views\DashboardView.js","1145"
"src\views\EditView.js","195"
"src\views\financial-planning\BudgetsSection.js","315"
"src\views\financial-planning\ForecastsSection.js","536"
"src\views\financial-planning\GoalsSection.js","929"
"src\views\financial-planning\InsightsSection.js","607"
"src\views\financial-planning\InvestmentsSection.js","583"
"src\views\financial-planning\OverviewSection.js","417"
"src\views\FinancialPlanningView.js","520"
"src\views\LandingView.js","466"
"src\views\LoginView.js","534"
"src\views\ReportsView.js","1392"
"src\views\SettingsView.js","395"
"store_icon.png","389"
"test.bat","12"
"tests\Account\account-section.test.js","160"
"tests\components\BulkEditDialog.test.js","127"
"tests\components\button.test.js","70"
"tests\components\category-selector.test.js","190"
"tests\components\date-input.test.js","83"
"tests\components\expandable-section.test.js","152"
"tests\components\InflationTrends.test.js","75"
"tests\components\mobile\mobile-integration.test.js","67"
"tests\components\mobile\mobile-modal.test.js","146"
"tests\components\mobile\mobile-navigation.test.js","90"
"tests\components\ProgressiveEmptyState.test.js","65"
"tests\components\transaction-list-item-anomaly.test.js","80"
"tests\core\analytics-forecast-regressions.test.js","146"
"tests\core\cache-invalidator-ghost.test.js","62"
"tests\core\data-integrity-categories.test.js","324"
"tests\core\transaction-undo.test.js","177"
"tests\financial-planning\ForecastsSection.test.js","79"
"tests\financial-planning\GoalsSection.test.js","187"
"tests\financial-planning\InvestmentsSection.test.js","127"
"tests\financial-planning\OverviewSection.test.js","122"
"tests\fixtures\validate-docs-methods.js","21"
"tests\form-utils\amount-input.test.js","318"
"tests\form-utils\category-chips.test.js","259"
"tests\form-utils\constants.test.js","171"
"tests\form-utils\keyboard.test.js","313"
"tests\form-utils\submission.test.js","558"
"tests\form-utils\transaction-tags.test.js","41"
"tests\form-utils\type-toggle.test.js","304"
"tests\form-utils\validation.test.js","197"
"tests\integration\chart-integration.test.js","151"
"tests\integration\postcss-integration.test.js","21"
"tests\property\property-insight-generation.test.js","75"
"tests\property\property-prediction-reasonableness.test.js","104"
"tests\property\property-responsive-design.test.js","62"
"tests\property\property-visual-consistency.test.js","44"
"tests\scripts\validate-docs.test.js","36"
"tests\security\security-validation.test.js","157"
"tests\security\test-data.js","348"
"tests\services\amount-preset-service.test.js","108"
"tests\services\category-usage-service.test.js","36"
"tests\services\insights-generator.test.js","36"
"tests\services\investment-tracker.test.js","41"
"tests\services\settings-quick-presets.test.js","120"
"tests\setup.js","70"
"tests\system\css-architecture.test.js","45"
"tests\system\design-tokens.test.js","168"
"tests\system\lazy-loading.test.js","47"
"tests\system\main.test.js","12"
"tests\utilities\data-loss-prevention-simple.test.js","285"
"tests\utilities\data-loss-prevention.test.js","229"
"tests\utilities\goal-planner.test.js","51"
"tests\utilities\transaction-form.test.js","111"
"tests\views\dashboard-account-filter.test.js","210"
"tests\views\dashboard-greeting.test.js","102"
"tests\views\dashboard-tag-filtering.test.js","197"
"tests\views\edit-view.test.js","177"
"tests\views\reports-view.test.js","185"
"todo\ai-slop-inspection-guide.md","213"
"todo\ai-slop-report.md","627"
"todo\design-implementation-plan.md","481"
"todo\remaining-work.md","67"
"todo\Security Implementation Plan for BlinkBudget.md","126"
"todo\tasteful-software-guide.md","127"
"todo\todo.md","32"
"vite.config.js","263"
"yarn.lock","8382"
